State/UT/All-India,Fractile class of MPCE,Self-employed in agriculture,Self-employed in non-agriculture,Regular wage/salary earning in agriculture,Regular wage/salary earning in non-agriculture,Casual labour in agriculture,Casual labour in non-agriculture,Others,All
Andhra Pradesh,0-5%,6.7,2.6,1.7,3,5.4,4.8,5.9,5
Andhra Pradesh,5-10%,4.5,3.5,2.3,3.6,7,6.1,4.9,5
Andhra Pradesh,10-20%,10.1,7.8,1.7,7.9,12.3,12.1,8.4,10
Andhra Pradesh,20-30%,10,10.5,6.5,7.3,11.5,10.2,9.3,10
Andhra Pradesh,30-40%,10.4,10.1,21.1,8,10.8,10.7,6.6,10
Andhra Pradesh,40-50%,10.1,11.1,1.7,10.4,10.4,9.7,7,10
Andhra Pradesh,50-60%,9.9,10.1,6.7,9.1,10,11.9,8.9,10
Andhra Pradesh,60-70%,9.1,12.1,18.5,11.9,8.7,10,8.7,10
Andhra Pradesh,70-80%,9.8,11.5,9.3,10.9,8.2,9.7,12.1,10
Andhra Pradesh,80-90%,8.6,10.6,8.2,13.3,9.2,8.4,14,10
Andhra Pradesh,90-95%,5,5.1,11.1,7,3.8,3.8,6.4,5
Andhra Pradesh,95-100%,5.9,5,11.3,7.6,2.7,2.5,7.7,5
Andhra Pradesh,All classes,100,100,100,100,100,100,100,100
Andhra Pradesh,Avg. MPCE (Rs.),4905.71,4999.95,5905.55,5334.53,4488.59,4524.13,5291.51,4870.3
Andhra Pradesh,Estd. no. of households(00),24369,13377,886,10539,21066,10882,14694,95813
Andhra Pradesh,Estd. no. of persons(00),92713,48099,3151,38679,69271,40445,23038,315396
Arunachal Pradesh,0-5%,6.9,0,3.7,1.7,21.1,3.2,0,5
Arunachal Pradesh,5-10%,6.6,1.4,5.5,0.6,36.3,6.2,0,5
Arunachal Pradesh,10-20%,12.3,5.4,8.4,4.5,23.9,18.4,0,10
Arunachal Pradesh,20-30%,12.1,6.5,7.3,6.7,6,9.6,2.2,10
Arunachal Pradesh,30-40%,12.2,4.6,10.1,7.4,0,5.3,11.3,10
Arunachal Pradesh,40-50%,11.4,10,6.6,7.7,4.6,2.5,11,10
Arunachal Pradesh,50-60%,9.6,12.2,8.7,10.8,4.7,10.1,2.8,10
Arunachal Pradesh,60-70%,8,11.9,24,15.2,0,4.8,10.4,10
Arunachal Pradesh,70-80%,7.6,17.6,15.9,14,0,6.1,8.4,10
Arunachal Pradesh,80-90%,7.3,16.7,2.4,14.4,2,13.8,15,10
Arunachal Pradesh,90-95%,3.4,8.3,3.6,7.2,1.4,10.2,13.8,5
Arunachal Pradesh,95-100%,2.7,5.4,3.8,9.8,0,9.9,25,5
Arunachal Pradesh,All classes,100,100,100,100,100,100,100,100
Arunachal Pradesh,Avg. MPCE (Rs.),4609.62,6355.54,5096.96,6542.92,2695.02,5811.46,8306.02,5276.34
Arunachal Pradesh,Estd. no. of households(00),1150,211,32,420,25,63,52,1953
Arunachal Pradesh,Estd. no. of persons(00),5675,947,122,2045,116,274,115,9294
Assam,0-5%,3.9,3.7,16.1,2.3,9.2,5.2,2,5
Assam,5-10%,4.3,3.5,16.1,3.9,8.5,4.4,4.5,5
Assam,10-20%,10.5,8.8,12.1,6.8,13.8,10.6,3,10
Assam,20-30%,11.5,8.2,12.9,5.9,14.8,9.6,6,10
Assam,30-40%,10.6,9.4,11.1,8.4,10.3,10.8,7.4,10
Assam,40-50%,10.4,10.1,6.3,7.8,11.3,10.6,8.4,10
Assam,50-60%,11.3,9.8,6.5,8,8.7,11.1,8.7,10
Assam,60-70%,9.6,11.6,4.8,7.6,8.3,12,8.6,10
Assam,70-80%,10.9,10.9,3,11.6,7,9.6,12.9,10
Assam,80-90%,8.7,12.5,3.3,15.6,4.8,9.7,12.2,10
Assam,90-95%,4.7,5.9,4.2,8.8,2.5,3.7,8,5
Assam,95-100%,3.4,5.5,3.5,13.3,0.8,2.7,18.4,5
Assam,All classes,100,100,100,100,100,100,100,100
Assam,Avg. MPCE (Rs.),3349.11,3621.72,2725.5,4100.54,2895.13,3281.68,4320.45,3432.41
Assam,Estd. no. of households(00),14388,11865,1731,8492,8634,15096,2968,63174
Assam,Estd. no. of persons(00),72279,56512,8039,37375,39529,69514,8726,291974
Bihar,0-5%,5.7,3,2.8,1.9,7.9,5.2,6.6,5
Bihar,5-10%,5.2,3.7,6.3,2.8,7.3,5.2,3.8,5
Bihar,10-20%,9,8,10.1,8.3,12.5,12.1,6.4,10
Bihar,20-30%,9.8,8.5,14.3,8.4,11,10.8,11,10
Bihar,30-40%,9.8,8.7,15.6,11.3,9.2,10.2,9.2,10
Bihar,40-50%,9.8,10.5,11.1,10.4,9.1,10.2,9.6,10
Bihar,50-60%,9.5,10.1,10.3,10.7,10.1,10.3,8.1,10
Bihar,60-70%,10.4,10.9,9.6,10.4,9.5,9.2,9.8,10
Bihar,70-80%,9.9,10.3,7.8,11.5,9,9.9,10.5,10
Bihar,80-90%,10.2,12.9,7.8,10.9,7.2,9.4,11.1,10
Bihar,90-95%,4.9,6.7,2.4,6,4.1,4.3,5.8,5
Bihar,95-100%,5.8,6.6,2,7.3,3,3.1,7.9,5
Bihar,All classes,100,100,100,100,100,100,100,100
Bihar,Avg. MPCE (Rs.),3423.48,3629.25,3284.77,3666.31,3089.18,3213.22,3576.96,3384.11
Bihar,Estd. no. of households(00),50731,26226,5277,27681,31785,48123,8641,198464
Bihar,Estd. no. of persons(00),270159,135577,24951,137162,154897,235652,30369,988767
Chhattisgarh,0-5%,4.1,2.5,4.6,3.2,5.4,11.5,5.2,5
Chhattisgarh,5-10%,5.5,2.5,7.4,3.6,2.7,6.5,3.2,4.9
Chhattisgarh,10-20%,10.9,9.5,6.7,5.6,10.8,12.9,2.6,10.1
Chhattisgarh,20-30%,10.3,8.2,4.1,8.2,13,10.8,9.8,10
Chhattisgarh,30-40%,11,8.8,10.6,4.5,11.4,9,10.7,10
Chhattisgarh,40-50%,10,11,4.3,6.7,15.5,9.7,9.9,10
Chhattisgarh,50-60%,10.1,8.9,10.7,6.3,12.7,10.4,8.8,10
Chhattisgarh,60-70%,10.2,13.6,4.6,10.6,12.7,7.1,8.4,10
Chhattisgarh,70-80%,11.5,9.8,5.3,12.2,5.9,8.3,8.4,10
Chhattisgarh,80-90%,8.8,15.3,13.7,14.6,7,9.8,9.5,10
Chhattisgarh,90-95%,4.3,4.8,9.2,12.9,1.7,2.2,7,5
Chhattisgarh,95-100%,3.3,5.2,18.7,11.7,1.3,1.8,16.4,5
Chhattisgarh,All classes,100,100,100,100,100,100,100,100
Chhattisgarh,Avg. MPCE (Rs.),2354.78,2642.32,3202.63,3087.3,2157.95,2092.12,3511.36,2466.16
Chhattisgarh,Estd. no. of households(00),22577,3074,2339,4580,5844,5739,2967,47120
Chhattisgarh,Estd. no. of persons(00),107277,13967,10987,21510,24952,25891,5176,209759
Delhi,0-5%,0,9.1,0,3.5,0,6.3,8.8,5.1
Delhi,5-10%,0,4.7,0,6,30.3,5.6,0,5.1
Delhi,10-20%,2,19.4,0,7.3,0,10,0,10
Delhi,20-30%,11.8,10.7,0,9.8,54.6,4.2,0,9.8
Delhi,30-40%,7,15.9,0,9.7,0,0,6.4,10
Delhi,40-50%,5.4,11.8,0,8.1,0,23.5,10,10.2
Delhi,50-60%,1.4,11,0,11.1,15.1,8.6,7,9.8
Delhi,60-70%,13.6,6.6,66.7,11.2,0,3.8,21.5,9.9
Delhi,70-80%,34.6,2,0,7.8,0,28.1,0,10.2
Delhi,80-90%,12.7,5.3,33.3,11.6,0,4.8,30.9,10
Delhi,90-95%,11.5,2.2,0,5.4,0,3.6,6.4,4.9
Delhi,95-100%,0,1.3,0,8.5,0,1.5,8.9,5.1
Delhi,All classes,100,100,100,100,100,100,100,100
Delhi,Avg. MPCE (Rs.),7457.01,5525.56,7725.52,6993.61,4639.62,6285.44,7488.06,6575.67
Delhi,Estd. no. of households(00),38,129,2,263,4,49,24,510
Delhi,Estd. no. of persons(00),204,610,3,1163,19,208,74,2282
Goa,0-5%,6.5,0,-,4.7,30.7,14.4,0.1,4.8
Goa,5-10%,3.3,4.9,-,5.1,17.4,13.5,0.9,5.6
Goa,10-20%,24.2,15.7,-,7.5,22.1,6.9,7.3,9.8
Goa,20-30%,0,11.9,-,11.1,13.8,5,4.6,9.9
Goa,30-40%,42.9,8.2,-,8.1,3.3,9.1,16.3,9.8
Goa,40-50%,0,5.4,-,13.5,0,5.2,9.2,10.2
Goa,50-60%,0,7.2,-,7.4,12.8,19.8,22.7,9.9
Goa,60-70%,0,17.2,-,8.8,0,7.9,10.2,10.1
Goa,70-80%,15.1,8.7,-,11.3,0,9.9,5.6,9.9
Goa,80-90%,8.1,8.5,-,12.1,0,4,9.6,10.1
Goa,90-95%,0,3.7,-,6,0,0,8.2,5
Goa,95-100%,0,8.6,-,4.3,0,4.5,5.1,5
Goa,All classes,100,100,-,100,100,100,100,100
Goa,Avg. MPCE (Rs.),6174.7,8129.75,-,7277.41,4410.62,6379.67,8226.76,7366.57
Goa,Estd. no. of households(00),42,284,-,851,30,141,220,1569
Goa,Estd. no. of persons(00),161,1199,-,3629,145,542,653,6328
Gujarat,0-5%,4.8,3,5.6,2.8,8.4,5.3,2.1,5
Gujarat,5-10%,5,4.9,9.1,2.4,6.6,5.6,2.1,5
Gujarat,10-20%,9.2,6.2,18.4,7.9,14.3,12.7,4.1,10
Gujarat,20-30%,10.5,7,4.4,7.4,12.3,12,2.8,10
Gujarat,30-40%,10.5,9.7,7.2,6.5,11.1,11.4,8,10
Gujarat,40-50%,9.2,12.8,6,8.1,12.1,10.4,5.4,10
Gujarat,50-60%,9.6,9.8,4.8,10.7,9.6,12.3,8.5,10
Gujarat,60-70%,10.3,9.6,13.3,10.5,8.5,10.7,12.8,10
Gujarat,70-80%,10,11.6,11.1,12.6,8.2,7.4,12.4,10
Gujarat,80-90%,10.1,11.1,11.2,15.3,5.6,7.7,18.6,10
Gujarat,90-95%,5.8,6.4,6,7.3,1.5,2.8,7.9,5
Gujarat,95-100%,5,7.8,3,8.6,1.8,1.6,15.3,5
Gujarat,All classes,100,100,100,100,100,100,100,100
Gujarat,Avg. MPCE (Rs.),3834.11,4081.59,3697.82,4355.46,3235.82,3408.71,5221.07,3798.3
Gujarat,Estd. no. of households(00),31194,7888,674,10320,14072,6870,2798,73816
Gujarat,Estd. no. of persons(00),160249,38327,3153,48029,65631,34579,5164,355133
Haryana,0-5%,1.6,4.1,0,1.7,7.9,11.7,4.4,5
Haryana,5-10%,2.6,5.5,7,3.3,9.9,6.4,4,5
Haryana,10-20%,8,7.7,3.1,7,17.2,12.9,8.7,10
Haryana,20-30%,8.7,10.2,0,10.4,11.4,11.9,4.2,10
Haryana,30-40%,8.1,12.4,6.6,8.2,13.9,10.6,10,10
Haryana,40-50%,8.8,8.9,18.9,9.3,10.4,12.6,8.2,10
Haryana,50-60%,12,9.8,6.7,10.6,6.7,8.9,10.5,10
Haryana,60-70%,11.8,11.7,13.7,11.1,7.6,7,8.4,10
Haryana,70-80%,11.2,11.3,16.5,12.2,6.4,7.5,10.1,10
Haryana,80-90%,12.8,9,0,12.9,4.7,7.1,16.2,10
Haryana,90-95%,6.5,5.4,10.9,6.6,2.7,1.8,8.1,5
Haryana,95-100%,7.7,4.1,16.6,6.8,1.4,1.6,7.2,5
Haryana,All classes,100,100,100,100,100,100,100,100
Haryana,Avg. MPCE (Rs.),5394.67,4906.15,5928.77,5325.84,3985.9,4087.73,5324.84,4858.7
Haryana,Estd. no. of households(00),9670,4072,361,5931,4148,7104,2107,33394
Haryana,Estd. no. of persons(00),48578,21109,1743,28767,21166,34770,6304,162438
Himachal Pradesh,0-5%,5.4,2.6,26.4,2.5,7.6,11.2,2.3,5
Himachal Pradesh,5-10%,6.1,3.1,0,1.2,5.9,11.5,3.1,5
Himachal Pradesh,10-20%,12,10.5,26.7,5.1,17,16,1.8,10
Himachal Pradesh,20-30%,8.9,12.8,0,8.7,0,16.9,2.4,10
Himachal Pradesh,30-40%,11.6,9.9,0,7.3,25,11.3,7.9,10
Himachal Pradesh,40-50%,9.1,8.9,6.1,10.4,26.2,10.2,11.4,10
Himachal Pradesh,50-60%,12,8.5,0,10.7,5.7,7.5,10.7,10.1
Himachal Pradesh,60-70%,8.5,16.2,14.5,11.4,0,4.7,8.7,9.9
Himachal Pradesh,70-80%,9.9,8.9,23.5,14.9,4.4,4.5,10.9,10
Himachal Pradesh,80-90%,8.1,12,2.8,14.4,8.2,2.2,15.3,10
Himachal Pradesh,90-95%,4.4,6.2,0,7.9,0,1.7,4.2,5
Himachal Pradesh,95-100%,3.8,0.4,0,5.4,0,2.3,21.5,5
Himachal Pradesh,All classes,100,100,100,100,100,100,100,100
Himachal Pradesh,Avg. MPCE (Rs.),5229.39,5165.91,4080.58,6130.14,4031.27,4105.4,8630.09,5560.85
Himachal Pradesh,Estd. no. of households(00),5175,2682,78,3704,190,2371,3058,17260
Himachal Pradesh,Estd. no. of persons(00),20291,11920,359,13720,801,9988,6489,63569
Jharkhand,0-5%,7.5,2.3,0,2.5,9.4,3.6,6.6,5
Jharkhand,5-10%,7.7,1.3,0,2.5,3,5.4,2.9,5
Jharkhand,10-20%,11.7,6.8,3.1,5.4,9.9,11.4,10.6,10
Jharkhand,20-30%,11.9,6.4,11.6,4,16.5,11.2,9.5,10
Jharkhand,30-40%,9.8,6.5,13.3,7.7,16.5,12,9.8,10
Jharkhand,40-50%,9.3,7.9,2.7,9.4,10.3,12.2,8.6,10
Jharkhand,50-60%,8.2,11.5,15.4,11.2,13.6,10.6,8.9,10
Jharkhand,60-70%,8.5,13.5,25.1,13.7,6.9,8.9,9,10
Jharkhand,70-80%,9.7,13.5,16.6,14,3.2,7.7,10.9,10
Jharkhand,80-90%,9.3,14.6,7.2,12,6.6,8.8,7.8,10
Jharkhand,90-95%,3.2,8.4,0,7,2.6,4.8,6.6,5
Jharkhand,95-100%,3.1,7.2,5,10.6,1.5,3.5,8.9,5
Jharkhand,All classes,100,100,100,100,100,100,100,100
Jharkhand,Avg. MPCE (Rs.),2500.06,3236.67,2804.41,3376.34,2387.02,2611.72,2929.88,2763.26
Jharkhand,Estd. no. of households(00),18050,7073,177,6660,2247,16423,4401,55031
Jharkhand,Estd. no. of persons(00),90073,35697,815,32868,9981,79680,14735,263849
Karnataka,0-5%,5.3,2.9,8.5,1.7,7.3,4.2,3.6,5
Karnataka,5-10%,5.7,1.5,12.6,3.2,6.8,3.4,1.6,5
Karnataka,10-20%,9.1,8.4,20.9,8.9,13.5,8.1,10.9,10
Karnataka,20-30%,10.6,7.4,10.5,4.9,11.6,12,10,10
Karnataka,30-40%,10.2,11.1,6.8,7.9,10.3,10,8.4,10
Karnataka,40-50%,10.2,9.6,8.6,10.4,10.8,7.8,7.3,10
Karnataka,50-60%,10.1,7.8,3.3,8.8,9.5,14.8,11.7,10
Karnataka,60-70%,9.5,11.1,8.1,9.6,10.2,11.8,8.9,10
Karnataka,70-80%,10.4,12.4,6.4,10.2,7.7,10.2,11.4,10
Karnataka,80-90%,9.5,12.1,7.8,17.1,6.8,10.2,8.9,10
Karnataka,90-95%,5.3,7.6,1.4,6.9,2.8,3.2,7.7,5
Karnataka,95-100%,4.1,8,4.9,10.5,2.7,4.2,9.5,5
Karnataka,All classes,100,100,100,100,100,100,100,100
Karnataka,Avg. MPCE (Rs.),4331.55,4822.75,3887.93,5154.39,3953.8,4340.74,4894.89,4397.47
Karnataka,Estd. no. of households(00),36417,8740,855,9576,19571,7952,6120,89231
Karnataka,Estd. no. of persons(00),174394,37698,3354,37934,77838,33647,9854,374719
Kerala,0-5%,2.5,3.6,8.7,5.9,10.8,4.7,4.2,5
Kerala,5-10%,3.4,4.6,1,2.8,6.6,8.5,4,5
Kerala,10-20%,5.6,6.7,14.4,8.8,14.9,15.4,7.6,10
Kerala,20-30%,8.8,9.7,17,7.8,11,13.1,8.2,10
Kerala,30-40%,6.7,11.2,9,8.1,7.7,13.2,9.8,10
Kerala,40-50%,7.9,10.2,15.2,8.6,12.8,10.4,10.5,10
Kerala,50-60%,10.8,11,3.9,9.5,10,8.9,11,10
Kerala,60-70%,10.6,9.6,6.1,12.9,9.1,8,10,10
Kerala,70-80%,12.7,10.8,3.4,10.4,6.8,8.5,11,10
Kerala,80-90%,13.6,11.5,15.6,12.9,6.9,5.4,9.9,10
Kerala,90-95%,9.2,5.6,3,5.4,2.4,2.3,6.4,5
Kerala,95-100%,8.1,5.3,2.7,7,1,1.6,7.2,5
Kerala,All classes,100,100,100,100,100,100,100,100
Kerala,Avg. MPCE (Rs.),6907.95,6122.01,5078.12,6524.65,4708.36,4839.79,6513.63,5923.62
Kerala,Estd. no. of households(00),4699,7818,570,9151,3969,9952,10012,46172
Kerala,Estd. no. of persons(00),17575,33383,2405,38012,14497,41415,30116,177403
Madhya Pradesh,0-5%,3.8,4.1,1.6,1.6,6.9,8.3,1.9,5
Madhya Pradesh,5-10%,4.5,3,2.3,2.8,7,6.2,2.7,5
Madhya Pradesh,10-20%,9.5,6,11.8,5.4,13,11.5,6.8,10
Madhya Pradesh,20-30%,9.4,5.7,11.7,7.3,12.6,11.6,7.6,10
Madhya Pradesh,30-40%,10.1,8.5,2.7,5.9,10.7,11.1,10.1,10
Madhya Pradesh,40-50%,9.3,10.8,15,7.2,10.3,12.1,11.7,10
Madhya Pradesh,50-60%,9.9,10.7,6.4,7.8,9.9,11,8.3,10
Madhya Pradesh,60-70%,10.9,11.2,13.1,8,8.4,9.4,7.1,10
Madhya Pradesh,70-80%,11.3,11.3,10,12.3,8.2,6.6,9.7,10
Madhya Pradesh,80-90%,10.3,13.3,8,18.2,7.3,7.6,16.1,10
Madhya Pradesh,90-95%,5.5,6.4,9.4,10.5,3.3,2.5,9.4,5
Madhya Pradesh,95-100%,5.4,8.9,7.9,12.8,2.4,2,8.5,5
Madhya Pradesh,All classes,100,100,100,100,100,100,100,100
Madhya Pradesh,Avg. MPCE (Rs.),3194.07,3495.15,3395.04,4052.04,2769.82,2735.63,3573.75,3112.63
Madhya Pradesh,Estd. no. of households(00),54847,8451,915,6069,22419,17756,3876,114334
Madhya Pradesh,Estd. no. of persons(00),273937,39387,3896,27431,105290,83108,6902,539950
Maharashtra,0-5%,4.8,1.5,6.7,1.1,10,5.2,1.6,5
Maharashtra,5-10%,4.9,2.5,4.1,1.1,9.3,5.5,2.2,5
Maharashtra,10-20%,10.9,5.4,9,2.8,15.9,9.7,6.2,10
Maharashtra,20-30%,9.9,8.3,8.2,4.6,13.7,13.6,7.7,10
Maharashtra,30-40%,10.8,7.1,14,5.1,12.6,12,7.8,10
Maharashtra,40-50%,10.9,11,7.3,7.6,9.7,10.8,6.2,10
Maharashtra,50-60%,10.6,9,10.7,8.5,10.2,11,8.2,10
Maharashtra,60-70%,10.8,12.2,11,9.3,6.9,11.7,12.1,10
Maharashtra,70-80%,9.7,13.4,7.1,17,5.2,8.2,9.6,10
Maharashtra,80-90%,9.7,14.7,7.9,17.6,3.8,7.5,13.2,10
Maharashtra,90-95%,3.9,8.5,10.5,10.1,1.4,3,12.6,5
Maharashtra,95-100%,3.2,6.4,3.7,15.2,1.2,1.7,12.7,5
Maharashtra,All classes,100,100,100,100,100,100,100,100
Maharashtra,Avg. MPCE (Rs.),3784.49,4624.86,4112.75,5812.82,2977.55,3445.37,5303.92,4010.45
Maharashtra,Estd. no. of households(00),55934,15323,1729,23035,32923,11511,9905,150360
Maharashtra,Estd. no. of persons(00),268405,69482,6716,91197,138862,50292,19134,644088
Manipur,0-5%,8.4,2.1,9.7,4,2.5,2.2,5.3,5
Manipur,5-10%,7.5,3.4,0,3.2,9.5,2.5,7.4,5
Manipur,10-20%,13.6,7.4,0,5.5,11.8,11,13.1,10
Manipur,20-30%,12.5,8.8,9.8,4.8,13.8,13.3,0,10
Manipur,30-40%,10.7,7,0,7.9,15,14.3,19.4,10
Manipur,40-50%,10.8,8.2,0,10,15.9,10.4,7.7,10
Manipur,50-60%,7.5,10.6,29.7,9.8,11.5,15.6,5.6,10
Manipur,60-70%,9.2,11.5,4.5,9.7,9.9,11,4.7,10
Manipur,70-80%,7.5,14.5,11.7,11.8,5.1,7.7,9.4,10
Manipur,80-90%,6.8,14.4,15.6,12.5,3.3,8.3,15.5,10
Manipur,90-95%,3.4,5.6,0,9.6,1.3,2.3,5.9,5
Manipur,95-100%,2.3,6.5,18.9,11.1,0.3,1.3,6,5
Manipur,All classes,100,100,100,100,100,100,100,100
Manipur,Avg. MPCE (Rs.),3856.04,4777.08,5602.58,5101.7,3686.96,4026.6,4465.52,4360.42
Manipur,Estd. no. of households(00),1593,1074,24,903,121,632,93,4440
Manipur,Estd. no. of persons(00),7994,4797,118,4320,571,2886,307,20993
Meghalaya,0-5%,6,0.7,9.4,1.6,15,3.8,13.5,5
Meghalaya,5-10%,5.8,3.4,0,1.7,7.6,5.9,2.7,4.9
Meghalaya,10-20%,9.2,9.7,0,5.5,13,15.6,16.2,10
Meghalaya,20-30%,11.9,8.1,11.4,4.1,13.9,9.6,14.3,10
Meghalaya,30-40%,9.7,8.6,16.3,9.7,12.4,11.4,0,10
Meghalaya,40-50%,10.4,7,14.2,6.1,12.5,13.8,1.2,10
Meghalaya,50-60%,10.5,10,4.7,11.2,6.6,9.2,2.1,10
Meghalaya,60-70%,11.6,10.5,6.2,8.7,4.4,9,7.4,10
Meghalaya,70-80%,9.9,8,6,12.6,8,9.8,12.5,10
Meghalaya,80-90%,10,14.7,2.3,14,4.6,5.9,3.6,10
Meghalaya,90-95%,3.5,8.9,19.7,10.3,1,2.5,12,5
Meghalaya,95-100%,1.6,10.5,9.9,14.3,1.1,3.4,14.4,5
Meghalaya,All classes,100,100,100,100,100,100,100,100
Meghalaya,Avg. MPCE (Rs.),3264.62,4123.74,3974.25,4434.62,2793.55,3191.54,4584.88,3513.84
Meghalaya,Estd. no. of households(00),2543,620,33,884,431,935,164,5610
Meghalaya,Estd. no. of persons(00),14376,3257,133,4749,2040,4994,225,29774
Mizoram,0-5%,7.8,1.5,0,1.6,3.3,9.6,10.4,5
Mizoram,5-10%,8.8,1.6,1.5,1.2,3,6.5,6.6,5.1
Mizoram,10-20%,12.5,9.8,4,6.9,9.9,10.5,5.3,10
Mizoram,20-30%,14.3,8.9,6.1,4.7,10.9,2.6,4.3,10
Mizoram,30-40%,13.7,6.6,6.6,7.5,7.3,6.6,9.9,10
Mizoram,40-50%,10.3,11.1,0,10.5,10.4,10.8,7.3,10
Mizoram,50-60%,8,12.9,6.6,7.5,17.6,17.8,7.1,10
Mizoram,60-70%,7.9,7.5,8.3,14.3,15.4,11.5,7.1,9.9
Mizoram,70-80%,6.8,12.1,26.3,9.2,13.8,6.4,17.7,10.1
Mizoram,80-90%,6.7,13.9,19.9,15,5.3,7.5,9.5,10
Mizoram,90-95%,1.9,6.9,9.2,11.2,1.7,4,5.5,5
Mizoram,95-100%,1.4,7.4,11.5,10.3,1.3,6.2,9.3,5
Mizoram,All classes,100,100,100,100,100,100,100,100
Mizoram,Avg. MPCE (Rs.),4338.41,5760.29,6991.47,6435.07,4815.47,5176.49,5823.16,5223.69
Mizoram,Estd. no. of households(00),473,223,41,237,133,47,75,1229
Mizoram,Estd. no. of persons(00),2362,969,177,1108,608,196,288,5708
Nagaland,0-5%,7.1,0,0,1.3,0,0,0,5
Nagaland,5-10%,6.2,3.1,0,2,0,4.9,0,5
Nagaland,10-20%,11.8,8.7,0,4.8,4.2,14.3,0,10
Nagaland,20-30%,11.2,9.5,20.4,5.3,6,16.5,4.5,10
Nagaland,30-40%,10.3,6.6,0,10.9,0,16,7.6,10
Nagaland,40-50%,10.8,15.7,0,6.1,0,5.6,2.8,10
Nagaland,50-60%,10.5,8.9,0,8.8,0,13.9,8.4,10
Nagaland,60-70%,9.4,10.2,0,12.1,23.9,9,7.9,10
Nagaland,70-80%,9.1,8.3,0,14.8,14.3,4,14.2,10
Nagaland,80-90%,8.8,7.7,14.3,12.2,34.2,7.3,26.1,10
Nagaland,90-95%,2.2,11,48.9,11.2,4.3,5.3,14.1,5
Nagaland,95-100%,2.6,10.2,16.4,10.4,13,3.2,14.2,5
Nagaland,All classes,100,100,100,100,100,100,100,100
Nagaland,Avg. MPCE (Rs.),3922.29,5031.94,6728.85,5488.25,5914.32,4065.79,6915.49,4393.1
Nagaland,Estd. no. of households(00),1516,219,7,403,24,66,107,2341
Nagaland,Estd. no. of persons(00),7644,961,28,1899,90,289,317,11227
Odisha,0-5%,5.9,2,1.7,0.8,8.5,4.5,6.2,5
Odisha,5-10%,6,3.3,0,1,8.1,4.3,4.5,5
Odisha,10-20%,12,4.4,6.2,4.1,13.9,11.5,7.4,10
Odisha,20-30%,11.4,7.9,7.3,5.3,10.9,11.2,8.7,10
Odisha,30-40%,10.9,8.8,4.7,6.5,12.1,10.1,8.5,10
Odisha,40-50%,11.5,9.3,3.9,6.8,9,11.2,8.5,10
Odisha,50-60%,9.5,10.1,10.5,12.1,8.6,11.6,8.3,10
Odisha,60-70%,8.8,11.4,12,11.3,8.9,11.3,9.7,10
Odisha,70-80%,8.7,12.4,19.4,11.8,8.3,9.9,12.1,10
Odisha,80-90%,8.2,12.6,10.3,16.4,7.3,9.9,10.4,10
Odisha,90-95%,3.8,9.1,8.5,10.4,2.3,2.8,6.3,5
Odisha,95-100%,3.2,8.7,15.4,13.4,2,1.7,9.4,5
Odisha,All classes,100,100,100,100,100,100,100,100
Odisha,Avg. MPCE (Rs.),2744.18,3421.57,3716.89,3795.82,2564.37,2724.97,3208.26,2949.63
Odisha,Estd. no. of households(00),27137,11519,521,8407,13433,15426,11006,87449
Odisha,Estd. no. of persons(00),117376,49742,2084,34191,54219,64203,20954,342769
Punjab,0-5%,0.3,4,12.1,4.2,8.7,9.5,0.8,5
Punjab,5-10%,0.4,7.5,3.8,7.9,9.2,5.3,1,5
Punjab,10-20%,5.1,10,10.8,11.2,15.6,13.5,3,10
Punjab,20-30%,7.9,8.1,3.8,7.7,11.6,15.9,3.3,10
Punjab,30-40%,8.1,11.8,26,7.8,8.8,11.3,7.4,10
Punjab,40-50%,7.2,11.4,17.4,9.8,10.1,10.9,10.1,10
Punjab,50-60%,9.9,10.5,10.3,8.1,11.5,11.1,7,10
Punjab,60-70%,13.6,9.2,9.3,11.2,8.8,6.1,15.2,10
Punjab,70-80%,12.6,11.4,1.4,12.4,8.2,7,9.2,10
Punjab,80-90%,14.8,9,2.3,10.5,5.1,6.6,17,10
Punjab,90-95%,11.1,3,1.9,5.2,1.8,1.9,6.7,5
Punjab,95-100%,9.1,4.1,0.9,4.1,0.4,1,19.3,5
Punjab,All classes,100,100,100,100,100,100,100,100
Punjab,Avg. MPCE (Rs.),6369.6,5069.16,4351.54,5293.02,4407.14,4478.69,7307.24,5314.75
Punjab,Estd. no. of households(00),8430,6845,713,6340,2722,11160,3829,40039
Punjab,Estd. no. of persons(00),41522,32916,3691,27977,12521,50389,11011,180027
Rajasthan,0-5%,4.9,2.3,8.8,1.8,6.7,8.8,1.9,5
Rajasthan,5-10%,4.9,2.9,14.4,3.5,6.4,7.1,3,5
Rajasthan,10-20%,8.6,8.8,13.5,5.2,16.7,15.7,6.8,10
Rajasthan,20-30%,9.9,9.9,5.4,7.1,14,12.2,4.9,10
Rajasthan,30-40%,10.1,10.2,3.3,9.5,13.6,10.2,5.6,10
Rajasthan,40-50%,10.9,9.9,4.6,9.1,11.7,9.1,5.8,10
Rajasthan,50-60%,10.8,9.6,3.5,10.8,8.4,9.1,7.9,10
Rajasthan,60-70%,10.5,9.2,19.2,10.4,9,9,9.6,10
Rajasthan,70-80%,10.7,11.5,7.6,13.1,5.8,7.2,7.6,10
Rajasthan,80-90%,10.2,12.5,9.9,15,5,6.5,9.3,10
Rajasthan,90-95%,4.9,7.3,6.1,6.8,1.1,3.3,6,5
Rajasthan,95-100%,3.6,5.8,3.6,7.6,1.7,1.7,31.8,5
Rajasthan,All classes,100,100,100,100,100,100,100,100
Rajasthan,Avg. MPCE (Rs.),4094.84,4477.54,3862.26,4807.18,3361.58,3479.4,8974.23,4263.14
Rajasthan,Estd. no. of households(00),47444,13872,846,11822,4517,20892,10784,110176
Rajasthan,Estd. no. of persons(00),255400,73337,4580,57135,21609,108742,21804,542607
Sikkim,0-5%,7.2,3.7,0,3.4,9.4,2.8,0,5
Sikkim,5-10%,8,1.8,0,3,11,5,0,5
Sikkim,10-20%,16.1,4.2,0,5.4,23.7,9.7,0,10
Sikkim,20-30%,14.2,3.7,0,8.3,5.7,12.3,19.7,10.1
Sikkim,30-40%,10,10.9,0,9.1,23.9,9.4,0,10
Sikkim,40-50%,10.6,10.2,0,9.7,4.5,10.4,0,10
Sikkim,50-60%,8.4,10.8,39.1,11,9.1,10.2,13.3,10
Sikkim,60-70%,7.6,15.2,22.5,11.4,0,8.3,0,10
Sikkim,70-80%,8.3,10.5,21,11.9,3.4,9.5,12.4,9.9
Sikkim,80-90%,6.1,13.4,16.4,13.5,2.3,6.4,31.1,10
Sikkim,90-95%,1.9,6,0,7.6,3.6,7,7.1,5
Sikkim,95-100%,1.8,9.5,1,5.7,3.6,9,16.4,5
Sikkim,All classes,100,100,100,100,100,100,100,100
Sikkim,Avg. MPCE (Rs.),6652.77,8756.32,8641.95,8391.31,6266.32,8175.52,10166.21,7730.89
Sikkim,Estd. no. of households(00),447,185,4,424,28,91,11,1189
Sikkim,Estd. no. of persons(00),1808,742,16,1695,108,327,27,4724
Tamil Nadu,0-5%,3.8,3.6,5.2,2.7,7.5,6.8,6.4,5
Tamil Nadu,5-10%,4.5,3.2,3.9,2.9,7.6,6.4,4.9,5
Tamil Nadu,10-20%,11,9.1,4.2,7.6,11.2,11.7,7.9,10
Tamil Nadu,20-30%,11.1,8.1,10.7,8,12.2,10.2,10.4,10
Tamil Nadu,30-40%,11.1,10.9,10.1,7.7,10.8,10.3,8.3,10
Tamil Nadu,40-50%,10.1,8,11.1,9.2,11.9,10.4,9.5,10
Tamil Nadu,50-60%,10.2,9.8,14.4,9.2,10.9,10.5,7,10
Tamil Nadu,60-70%,9.8,10.4,15.7,11.1,9.1,10,6.2,10
Tamil Nadu,70-80%,9.6,10.4,5.7,12.7,7.8,9.3,11.2,10
Tamil Nadu,80-90%,9.4,12.8,12.1,14.3,5.4,8.1,11.6,10
Tamil Nadu,90-95%,3.2,6,5.7,8.6,3.8,3.3,5.8,5
Tamil Nadu,95-100%,6.3,7.6,1.1,6,1.8,3,10.8,5
Tamil Nadu,All classes,100,100,100,100,100,100,100,100
Tamil Nadu,Avg. MPCE (Rs.),5341.78,5783.36,5156.84,5917.23,4593.63,4857.21,6040.58,5310.34
Tamil Nadu,Estd. no. of households(00),20132,12825,1171,22324,21369,23079,9396,110296
Tamil Nadu,Estd. no. of persons(00),77290,49970,4296,83434,70313,84780,17483,387565
Telangana,0-5%,5.9,1.6,3.7,1.7,7.1,3.8,3.6,5
Telangana,5-10%,5.9,1.9,7.6,1.8,6.5,2.4,5.9,5
Telangana,10-20%,11.5,6.6,8.2,6.4,10.9,9.7,7,10
Telangana,20-30%,10.1,9.5,4.8,4,12.9,10.2,9.6,10
Telangana,30-40%,10,10.2,6.9,6.7,11.8,12.2,7.6,10
Telangana,40-50%,8.1,11.8,10.7,10.4,12.9,7.7,16,10
Telangana,50-60%,10.4,10,6.2,8.8,7.9,13.6,13.9,10
Telangana,60-70%,10.7,8.9,9,12.2,10.1,6.4,5,10
Telangana,70-80%,9.7,13.1,15,12.2,7.9,11.5,6.4,10
Telangana,80-90%,9.6,13.7,0,15.8,5.3,12.3,12.4,10
Telangana,90-95%,4.1,6.9,7.5,9.8,3.8,4.6,4.7,5
Telangana,95-100%,4,5.9,20.5,10.3,3.1,5.6,8,5
Telangana,All classes,100,100,100,100,100,100,100,100
Telangana,Avg. MPCE (Rs.),4678.37,5164.47,5355.43,5646.29,4386.87,4913.72,5035.27,4802.23
Telangana,Estd. no. of households(00),25197,6966,412,4572,11389,2383,7137,58055
Telangana,Estd. no. of persons(00),104125,26634,1459,18025,38641,9170,9680,207734
Tripura,0-5%,6,5.7,3.6,0,6,5.5,3.7,5
Tripura,5-10%,7,4.3,3.4,1.1,6.2,5.4,0.6,5
Tripura,10-20%,14.3,7.7,6.1,5.2,11.6,9.9,2.4,10
Tripura,20-30%,13.2,8.3,15.2,6.1,11.7,9.2,4.9,10
Tripura,30-40%,10.9,9.5,14.7,6.7,12.9,10.2,4.1,10
Tripura,40-50%,9.9,8.5,7.7,6.7,13.8,12.6,6.1,10
Tripura,50-60%,7.9,9.7,10.3,12.1,10.5,11.7,11.4,10
Tripura,60-70%,8.6,11.9,6.7,12,8.5,9.5,9.9,10
Tripura,70-80%,8.5,12.5,3.7,11,8.9,9.7,10.2,10
Tripura,80-90%,7.2,10.4,13.5,17.5,6.2,9.1,21.4,10
Tripura,90-95%,3,5.8,7.1,11.4,2,3.8,10.9,5
Tripura,95-100%,3.4,5.8,8,10.3,1.8,3.3,14.4,5
Tripura,All classes,100,100,100,100,100,100,100,100
Tripura,Avg. MPCE (Rs.),4768.12,5380,5534.28,6344.04,4646.23,5006.76,6680.54,5206.25
Tripura,Estd. no. of households(00),1843,1614,94,864,907,1320,390,7032
Tripura,Estd. no. of persons(00),8086,6708,364,3383,3655,5221,1016,28433
Uttar Pradesh,0-5%,3.9,4.1,3.4,3.5,6.7,7.5,5.2,5
Uttar Pradesh,5-10%,4.2,3.7,5.7,3.4,5.4,7.5,5.6,5
Uttar Pradesh,10-20%,8.5,9.1,7.6,6.7,12,14.1,9.7,10
Uttar Pradesh,20-30%,9.5,8.5,9.7,7.6,11.8,12,10.5,10
Uttar Pradesh,30-40%,10.1,9.3,3.7,7.2,10.1,11.6,9.9,10
Uttar Pradesh,40-50%,9.5,10.9,12.8,8.5,11,10.2,11,10
Uttar Pradesh,50-60%,10.3,10.4,11.3,10.9,9.9,9,9.1,10
Uttar Pradesh,60-70%,10.1,11,8.5,11.8,10,8.4,10.6,10
Uttar Pradesh,70-80%,11.4,9.9,16.9,11.7,9,7.2,8.6,10
Uttar Pradesh,80-90%,10.9,11.5,8.4,13,7.6,7.3,9.8,10
Uttar Pradesh,90-95%,5.4,6.3,6.6,7.2,3.4,3.1,4.9,5
Uttar Pradesh,95-100%,6.2,5.2,5.4,8.5,3,2,5,5
Uttar Pradesh,All classes,100,100,100,100,100,100,100,100
Uttar Pradesh,Avg. MPCE (Rs.),3318.08,3353.65,3322.97,3638,2917.14,2782.99,3173.49,3190.98
Uttar Pradesh,Estd. no. of households(00),118085,40114,3333,25868,28323,66213,25935,307870
Uttar Pradesh,Estd. no. of persons(00),639479,220655,17798,135243,139371,343166,102590,1598303
Uttarakhand,0-5%,4.6,2.1,7.4,2.1,6.3,11.1,5.5,5
Uttarakhand,5-10%,6.5,4.4,0,2.4,4.4,7.6,3.2,5
Uttarakhand,10-20%,10.8,6.3,10.5,5.2,15.5,17.1,6.9,10
Uttarakhand,20-30%,10.6,10,0,7.1,12.7,13.5,5.7,10
Uttarakhand,30-40%,10.5,9.3,15.4,10.5,11.3,9.8,6.8,10
Uttarakhand,40-50%,8.9,12.1,35.7,5.9,14.9,10.5,7.8,10
Uttarakhand,50-60%,13.2,7.7,6.1,9.9,12.3,7,9.8,10
Uttarakhand,60-70%,11.3,11.1,0,10.7,5.5,10.2,7.1,10
Uttarakhand,70-80%,11.1,10.6,4.4,12.6,6.1,5.9,12,10
Uttarakhand,80-90%,6.9,15.8,17.1,12,8,5.3,12.5,10
Uttarakhand,90-95%,3,4.4,3.4,11.3,1.1,0.7,11.8,5
Uttarakhand,95-100%,2.7,6.2,0,10.3,1.8,1.3,10.9,5.1
Uttarakhand,All classes,100,100,100,100,100,100,100,100
Uttarakhand,Avg. MPCE (Rs.),4312.39,4964.12,4369.02,5464.72,3939.3,3712.66,5843.92,4640.93
Uttarakhand,Estd. no. of households(00),4559,3058,251,3672,1372,3014,2209,18136
Uttarakhand,Estd. no. of persons(00),22732,15649,1234,16032,6721,14121,6121,82610
West Bengal,0-5%,5.3,3,5.5,2.6,7.1,5.8,3.7,5
West Bengal,5-10%,3.4,3.7,7.4,2.9,7.6,6.1,4.6,5
West Bengal,10-20%,10.3,7.7,10.7,5.5,13.7,11.1,6,10
West Bengal,20-30%,8.4,7.2,14.3,7.5,13.1,12.4,7.8,10
West Bengal,30-40%,10.8,7.7,10.7,7.3,12.2,10.4,9.6,10
West Bengal,40-50%,10.3,9.8,13.9,7.9,10.8,10.1,7.9,10
West Bengal,50-60%,9.8,9.6,8.1,8.8,9.8,11.6,11.8,10
West Bengal,60-70%,10.2,10.4,9.6,9.4,8.8,11.4,8.6,10
West Bengal,70-80%,11.9,11.2,5.9,12.4,7,9,10.9,10
West Bengal,80-90%,10.3,13.2,6.3,15.3,6.3,7.9,10.9,10
West Bengal,90-95%,5.4,7.5,4.5,8.8,2.1,2.8,7.2,5
West Bengal,95-100%,4,8.9,3.1,11.9,1.4,1.3,10.9,5
West Bengal,All classes,100,100,100,100,100,100,100,100
West Bengal,Avg. MPCE (Rs.),3234.46,3641.42,2904.24,3918.81,2774.23,2905.25,3780.74,3239.16
West Bengal,Estd. no. of households(00),34569,29528,3807,19456,38352,30235,12109,168057
West Bengal,Estd. no. of persons(00),143124,121208,16201,76681,146416,121211,25432,650273
Andaman & N. Island,0-5%,10.3,8.7,0,1,8.1,2.2,5.1,5
Andaman & N. Island,5-10%,8.2,3.6,0,4.3,4.5,4.7,3.5,5.1
Andaman & N. Island,10-20%,11.9,7.5,5.8,10.9,20.6,0,10.6,9.9
Andaman & N. Island,20-30%,15,5.7,5.5,5.7,26.7,23.2,3.7,10.1
Andaman & N. Island,30-40%,14.2,9.5,11,10,0,7.3,0.8,10
Andaman & N. Island,40-50%,8.7,11.1,2.8,11.7,16.4,5.6,9.9,10
Andaman & N. Island,50-60%,8,10,8.6,10.5,7.4,14.2,11.3,9.9
Andaman & N. Island,60-70%,6.8,10,12,10.5,0,17,14,9.9
Andaman & N. Island,70-80%,9.2,10,18.9,9.9,4.5,14.7,7.4,10.1
Andaman & N. Island,80-90%,5.5,17,34.9,8.4,10.7,7.5,10.2,9.9
Andaman & N. Island,90-95%,2,4.5,0,8.2,0,2,9.3,5.1
Andaman & N. Island,95-100%,0.1,2.6,0.7,9,1.1,1.5,14.1,4.9
Andaman & N. Island,All classes,100,100,100,100,100,100,100,100
Andaman & N. Island,Avg. MPCE (Rs.),5727.1,7264.03,8177.94,8416.11,5619.72,6707.67,8666.45,7331.6
Andaman & N. Island,Estd. no. of households(00),139,83,25,247,19,55,57,625
Andaman & N. Island,Estd. no. of persons(00),643,337,95,953,78,200,150,2457
Chandigarh,0-5%,0,4.4,43.5,2.4,68.3,10.3,0,5.1
Chandigarh,5-10%,0,6.2,0,3.2,0,7.4,0,4.5
Chandigarh,10-20%,0,10.7,0,9.2,0,18.2,0,10.4
Chandigarh,20-30%,10.3,9.3,0,8.7,0,14.9,8.7,9.9
Chandigarh,30-40%,0,12.1,0,10.6,0,10.5,0,10.1
Chandigarh,40-50%,15.2,11.4,48.3,6.6,0,11.6,20.1,9.9
Chandigarh,50-60%,37.9,6.9,0,8.3,10.6,14.6,0,10
Chandigarh,60-70%,14.3,13.2,0,11.3,0,3.1,0,10
Chandigarh,70-80%,22.3,8.6,0,12,0,6.2,4.5,10
Chandigarh,80-90%,0,10.4,0,12.8,21.1,0.4,36.7,10
Chandigarh,90-95%,0,5.4,8.2,6.4,0,2,6.8,5
Chandigarh,95-100%,0,1.4,0,8.5,0,0.8,23.3,5
Chandigarh,All classes,100,100,100,100,100,100,100,100
Chandigarh,Avg. MPCE (Rs.),7233.45,7017.23,5800.27,8179.02,5569.38,6038.54,11376.91,7466.86
Chandigarh,Estd. no. of households(00),3,22,1,39,1,14,3,82
Chandigarh,Estd. no. of persons(00),13,89,3,138,2,55,8,309
Dadra & Nagar Haveli and Daman & Diu,0-5%,8.6,0,0,3.1,0,0,7.8,4.6
Dadra & Nagar Haveli and Daman & Diu,5-10%,10.2,1.9,13.8,2,5.9,4.4,0,5.5
Dadra & Nagar Haveli and Daman & Diu,10-20%,16.4,0,28.4,3.9,15.7,11.5,0,9.7
Dadra & Nagar Haveli and Daman & Diu,20-30%,16.4,0,16.8,7.1,5.9,5.9,8.4,10.2
Dadra & Nagar Haveli and Daman & Diu,30-40%,12.3,0,0,10.5,8.2,4.6,34.1,10.2
Dadra & Nagar Haveli and Daman & Diu,40-50%,11.3,5.4,9.3,8.3,4.4,25.8,0,9.8
Dadra & Nagar Haveli and Daman & Diu,50-60%,5.3,16.4,0,12.8,5.1,28.4,0,10.2
Dadra & Nagar Haveli and Daman & Diu,60-70%,5.9,23.4,15,13,0,1.5,0,9.9
Dadra & Nagar Haveli and Daman & Diu,70-80%,7.1,21.9,16.8,8.4,38.8,5.2,4.1,10
Dadra & Nagar Haveli and Daman & Diu,80-90%,5,23.2,0,11.7,8,11.5,41.4,10
Dadra & Nagar Haveli and Daman & Diu,90-95%,0.6,7.7,0,9,5.3,1.3,4.2,5
Dadra & Nagar Haveli and Daman & Diu,95-100%,1,0,0,10.2,2.7,0,0,4.9
Dadra & Nagar Haveli and Daman & Diu,All classes,100,100,100,100,100,100,100,100
Dadra & Nagar Haveli and Daman & Diu,Avg. MPCE (Rs.),3105.28,5174.35,3155.42,5004.31,4455.59,3789.5,4328.26,4184.11
Dadra & Nagar Haveli and Daman & Diu,Estd. no. of households(00),151,36,13,441,22,27,25,716
Dadra & Nagar Haveli and Daman & Diu,Estd. no. of persons(00),918,161,80,1134,102,129,41,2564
Jammu & Kashmir,0-5%,1.1,4.3,0.3,3.4,7.1,10.5,2.7,5
Jammu & Kashmir,5-10%,3.2,3.5,13.6,0.6,12.1,12.1,2.3,5
Jammu & Kashmir,10-20%,10.4,6.8,25.2,6.4,17.5,17.8,2.7,10
Jammu & Kashmir,20-30%,9.1,10.5,14.9,6.8,2.1,14.2,7.8,10
Jammu & Kashmir,30-40%,11.4,10,6.7,7.7,22.2,11.5,7.2,10
Jammu & Kashmir,40-50%,12.7,9,0,6.9,14.3,13,10,10
Jammu & Kashmir,50-60%,12,12,3.8,10.9,7.9,7.5,3.6,10
Jammu & Kashmir,60-70%,9.4,9.3,16,13.4,5.9,7.2,12.2,10
Jammu & Kashmir,70-80%,7.9,11,7.3,15.9,3.7,2.7,16.9,10
Jammu & Kashmir,80-90%,10.8,10.8,12.2,14.4,6,2.1,18.9,10
Jammu & Kashmir,90-95%,7.1,6.1,0,7.2,1.2,0.3,6.2,4.9
Jammu & Kashmir,95-100%,4.9,6.8,0,6.6,0,1,9.4,5
Jammu & Kashmir,All classes,100,100,100,100,100,100,100,100
Jammu & Kashmir,Avg. MPCE (Rs.),4465.61,4547.81,3470.6,4931.85,3305.95,3107.03,5334.81,4295.69
Jammu & Kashmir,Estd. no. of households(00),2370,5027,194,4382,436,4309,1405,18123
Jammu & Kashmir,Estd. no. of persons(00),12352,26787,1237,23177,1973,22018,5340,92884
Ladakh,0-5%,12.4,6.2,0,0.9,0,0,0,5
Ladakh,5-10%,11.5,3.4,0,1,0,0,26.7,5.2
Ladakh,10-20%,17.8,13.8,0,5.7,0,2.4,0,9.9
Ladakh,20-30%,7.9,11.8,0,7.9,0,13.6,20.8,9.8
Ladakh,30-40%,13.9,8,0,4.3,20.4,17.5,17.5,10.1
Ladakh,40-50%,7.2,14.4,0,10.5,0,8,14.5,10
Ladakh,50-60%,5.2,7.9,0,15.4,0,11.7,7,9.8
Ladakh,60-70%,10.9,6.3,33.6,11.2,0,14.1,0,10.1
Ladakh,70-80%,6.3,12.9,66.4,10.7,17,5.3,12.3,10
Ladakh,80-90%,3.5,7.4,0,20.2,44.2,3.9,0,10
Ladakh,90-95%,3.1,4.5,0,8.3,8.3,3.9,0,5.1
Ladakh,95-100%,0.3,3.4,0,3.9,10.2,19.7,1.2,4.9
Ladakh,All classes,100,100,100,100,100,100,100,100
Ladakh,Avg. MPCE (Rs.),2966.15,3824.49,4745.33,4701.57,5486.56,5072.92,2923.04,4035.3
Ladakh,Estd. no. of households(00),100,82,3,113,5,53,15,371
Ladakh,Estd. no. of persons(00),577,473,24,672,28,291,81,2146
Lakshadweep,0-5%,0,4.8,0,6,0,9.1,0,5.2
Lakshadweep,5-10%,16,6.7,0,2.2,7.9,3.2,0,4.7
Lakshadweep,10-20%,9.1,13,0,6.9,25.5,10.3,0,10.3
Lakshadweep,20-30%,0,10,0,9.2,19.8,12.7,0,9.7
Lakshadweep,30-40%,18.2,13.4,0,9.7,9.4,5.3,9.4,10.4
Lakshadweep,40-50%,7.3,7.6,0,9.9,0,17.4,9.5,9.8
Lakshadweep,50-60%,13.6,14.2,0,9.2,5.9,6.6,5.3,10
Lakshadweep,60-70%,27.1,6,0,12.2,8.6,6.2,15.9,9.8
Lakshadweep,70-80%,0,11,100,10.6,4.9,10.1,11.2,10
Lakshadweep,80-90%,8.7,8,0,15,1.2,6.9,16,10.1
Lakshadweep,90-95%,0,1.6,0,4.3,7.4,7.6,18.5,4.9
Lakshadweep,95-100%,0,3.6,0,4.8,9.4,4.6,14.1,5
Lakshadweep,All classes,100,100,100,100,100,100,100,100
Lakshadweep,Avg. MPCE (Rs.),5045.68,5427.74,7068.33,6094.94,5737.67,5837.16,8214.48,5895.46
Lakshadweep,Estd. no. of households(00),1,7,0,9,1,5,2,26
Lakshadweep,Estd. no. of persons(00),6,35,0,37,7,22,7,114
Puducherry,0-5%,0,5.7,0,0.7,7.6,10.2,10.1,5
Puducherry,5-10%,0,0,0,2.4,6.8,11.7,8.7,5
Puducherry,10-20%,0,6.2,0,8.1,17.1,15.8,8.5,10
Puducherry,20-30%,0,9.2,66.9,9.1,20.5,10.4,0.9,10
Puducherry,30-40%,5.6,14.3,0,10.3,8.1,12.3,2.9,10.1
Puducherry,40-50%,11,8.4,0,11.8,12.2,9.7,3.8,10.1
Puducherry,50-60%,2.8,11.4,0,11.2,3.4,13.2,2,9.5
Puducherry,60-70%,12.5,25.1,0,10.9,4.8,3.4,6.6,10.2
Puducherry,70-80%,29.1,8,0,12.1,9.1,5.9,5.4,10.3
Puducherry,80-90%,13.4,4.8,33.1,14.5,4.6,4.7,15.4,10
Puducherry,90-95%,25.5,5.2,0,2.6,3.4,2.7,6.5,4.9
Puducherry,95-100%,0,1.7,0,6.2,2.5,0,29.2,5
Puducherry,All classes,100,100,100,100,100,100,100,100
Puducherry,Avg. MPCE (Rs.),7160.34,5992,5783.87,6486.09,5205.66,4920.56,14924.5,6590.36
Puducherry,Estd. no. of households(00),60,136,8,400,121,225,187,1137
Puducherry,Estd. no. of persons(00),276,571,38,1568,457,965,315,4190
All-India,0-5%,5.4,2.8,5.8,1.9,7,6.7,4.5,5
All-India,5-10%,5.1,3.3,6.3,2.2,6.8,6.8,4.4,5
All-India,10-20%,9.9,7.9,10.8,6.5,13.1,12.5,7.8,10
All-India,20-30%,10.1,9.2,10.6,6.2,12.2,11.6,8.7,10
All-India,30-40%,9.7,9.2,11.9,9.8,11,10.9,8.2,10
All-India,40-50%,10.4,10.5,8.8,8.6,10.1,10.4,8,10
All-India,50-60%,10.1,10.2,9.3,10.3,10.2,9.8,8.3,10
All-India,60-70%,10.4,10.6,9.7,10.5,8.8,9.5,9.4,10
All-India,70-80%,10,11.2,9.2,11.9,8.4,9,10.2,10
All-India,80-90%,9.8,12.5,9.4,13.9,7.2,7.5,11.5,10
All-India,90-95%,4.8,6.3,3.7,8.3,3,3.1,7.3,5
All-India,95-100%,4.3,6.3,4.5,10,2.2,2.3,11.9,5
All-India,All classes,100,100,100,100,100,100,100,100
All-India,Avg. MPCE (Rs.),3701.81,4073.94,3596.61,4533.41,3272.89,3315.39,4684.46,3773.06
All-India,Estd. no. of households(00),626139,255226,27151,252651,290651,340307,156830,1948954
All-India,Estd. no. of persons(00),3060252,1206369,123371,1121843,1222525,1573755,390115,8698230
